{"1988":{"01":0.0521200084258674,"02":0.0439163111923624,"03":0.0218031734920079,"04":0.0377826184932021,"05":0.0208883123853827,"06":0.141454400521758,"07":0.047504421300845,"08":0.0487086282762579,"09":0.0313785836148931,"10":0.0536931043881167,"11":0.0515001049024407,"12":0.00542038388753717,"13":0.141095586968471,"14":0.0176732681951339,"15":0,"16":0.00289315651194795,"17":0.0320144134155637,"18":0.0396826805331251,"19":0.013545356908132,"21":0.0380433378961234,"22":0.0197873573066347,"23":0.0205776692053456,"24":0.0195558650746403,"25":0.0451631518861889,"26":0.0526355799492193,"27":0.0430441378823695,"28":0.0565451066464067,"29":0.0285445142690961,"2A":0.0133962211492841,"2B":0.0111168754168828,"30":0.0798406231812687,"31":0.0557343218557725,"32":0.0339788089148703,"33":0.0522050360279394,"34":0.0885256118719154,"35":0.0142472252320848,"36":0.0149184062138243,"37":0.0498427021641047,"38":0.0562793571490264,"39":0.0220883931932091,"40":0.028345016763182,"41":0.0396123855999166,"42":0.0728181016749927,"43":0.0389985348616737,"44":0.0315744456872163,"45":0.0558955876394191,"46":0,"47":0.0408248057243979,"48":0.0142585935291029,"49":0.0170126303282852,"50":0.0397438834693902,"51":0.0513495310317302,"52":0.0245059510442398,"53":0.0165163112812101,"54":0.0619108554013265,"55":0.0279524807826695,"56":0.0286885245901639,"57":0.0618431156581836,"58":0.0434791875359662,"59":0.0587527082922986,"60":0.054228162521072,"61":0.0323755344590188,"62":0.0410071269571073,"63":0.0281604596681674,"64":0.020319803198032,"65":0.0329017939707786,"66":0.0967223309217212,"67":0.0701163502755664,"68":0.0916431942056553,"69":0.0895654672037457,"70":0.0208424622301816,"71":0.0159388960945381,"72":0.0166298237148917,"73":0.0357527671662259,"74":0.0529992034801789,"76":0.0501730708716478,"77":0.0883948553783393,"78":0.0801774242887733,"79":0.0138577747142283,"80":0.0377857529128361,"81":0.0550090083083823,"82":0.0395676463444256,"83":0.119419908795859,"84":0.101307803016082,"85":0.0270535627491008,"86":0.0329008407199646,"87":0.014979750989868,"88":0.0393372364443424,"89":0.0595761027508226,"90":0.0722391641253812,"91":0.0621432613510134,"92":0.0832144141635632,"93":0.122214270740717,"94":0.088282165136615,"95":0.0937130807997727},"1992":{"04":0.03515625,"05":0.0756972111553785,"07":0.0747384155455904,"08":0,"09":0.0137614678899083,"21":0.0435323383084577,"26":0.0404345202172601,"2B":0.0291120815138282,"30":0.035745422842197,"34":0.0455856895556838,"48":0.0217741935483871,"54":0.12625,"65":0.0253521126760563,"66":0.0390835579514825,"81":0.052703627652293},"1994":{"04":0,"05":0.0380187416331995,"07":0.0200210748155954,"11":0.0243128964059197,"12":0,"21":0.0192307692307692,"26":0.0131061598951507,"29":0.0217391304347826,"2A":0.0250783699059561,"2B":0.0164203612479475,"43":0.0176100628930818,"48":0.0470249520153551,"52":0,"83":0.0639686684073107},"1998":{"01":0.150565318375038,"02":0.143259858030771,"03":0.098556550338023,"04":0.120034943080997,"05":0.0678016138555402,"06":0.247454134405698,"07":0.115569345112887,"08":0.136228302918599,"09":0.0925981420437519,"10":0.183569830968357,"11":0.109592491449479,"12":0.0426489619085129,"13":0.261946404267634,"14":0.0837503556544879,"15":0.0426199792205496,"16":0.0845983769562371,"17":0.110623131754426,"18":0.12089525935499,"19":0.0673268272491363,"21":0.149091915836102,"22":0.0629969328988886,"23":0.0500609673485978,"24":0.0860146342780513,"25":0.138621143498626,"26":0.167446428177344,"27":0.168269412075272,"28":0.166916363463413,"29":0.0727448172819523,"2A":0.0595121951219512,"2B":0.0254058743338704,"30":0.185536900571467,"31":0.11917765237123,"32":0.0539737991266376,"33":0.12113182164961,"34":0.174656951689726,"35":0.0654975264389608,"36":0.0944463117103936,"37":0.108662162570356,"38":0.159443349128936,"39":0.125633620776703,"40":0.0758679000037858,"41":0.124194459328342,"42":0.180143329841539,"43":0.0913734493744105,"44":0.0895634125457814,"45":0.163533506598463,"46":0.0628234206064343,"47":0.12826101764185,"48":0.0374167697837487,"49":0.0917106277043447,"50":0.0901327729487057,"51":0.153483200096171,"52":0.167368481222491,"53":0.0710076182262469,"54":0.136843776155156,"55":0.146132473647373,"56":0.0817101726936484,"57":0.160161930191671,"58":0.107900113057104,"59":0.169467982494599,"60":0.213981844135206,"61":0.106756840219875,"62":0.122120037071822,"63":0.0818827060919331,"64":0.0870295567657101,"65":0.0824516918772405,"66":0.154178113305501,"67":0.204084941739539,"68":0.141343518310492,"69":0.210032629866024,"70":0.141668412133214,"71":0.0653819810814313,"72":0.0910825199645075,"73":0.125096125798839,"74":0.123916443855418,"76":0.135570748608981,"77":0.183396710271958,"78":0.15451560909012,"79":0.064543404735062,"80":0.110898871470601,"81":0.134320371031038,"82":0.133047761833369,"83":0.262684839078337,"84":0.227948912174389,"85":0.080283395044147,"86":0.0786461286081324,"87":0.0840465365070875,"88":0.126013746105465,"89":0.155075995548732,"90":0.176921692169217,"91":0.1655962295972,"92":0.134245843518803,"93":0.200613290623379,"94":0.150422973949691,"95":0.186605257361991},"2001":{"01":0.0817263639077927,"02":0.106189834502013,"03":0.0442906068325025,"04":0.0516394264514188,"06":0.112004592007568,"07":0.0591449549172446,"08":0.0782572873458719,"09":0.0458681291287548,"10":0.118998741805178,"11":0.0801043177193988,"12":0.0382426678339767,"13":0.0965493721903581,"14":0.0628719127668087,"16":0.0456679939585336,"17":0.0429042121980705,"18":0.0586335920177384,"19":0.0249851367419738,"21":0.0810764630499786,"22":0.0414840351309201,"23":0.0336480390465156,"24":0.0343692726090298,"25":0.081570699382108,"26":0.0889593763929056,"27":0.104103355813765,"28":0.0935761072050958,"29":0.0317821916910686,"2B":0.0359507078113861,"30":0.112937236808148,"31":0.0650048528750325,"32":0.0444400410714607,"33":0.0652971332876496,"34":0.0875769191050959,"35":0.0379022718929722,"36":0.0527920210105053,"37":0.068611649320142,"38":0.0769318727559631,"39":0.0695019116953857,"40":0.0455246818333313,"41":0.0875523066590897,"42":0.116539376651374,"43":0.0628519780296183,"44":0.0400058321290273,"45":0.0904650930262966,"46":0.0382208128181591,"47":0.0741140744317243,"48":0.0285359801488834,"49":0.0460471567267684,"50":0.0630559557293453,"51":0.086298178737823,"52":0.102333177788147,"53":0.0454258028130501,"54":0.0811939554225772,"55":0.0745332014344009,"56":0.0479880793545893,"57":0.097159732820645,"58":0.0798599076996042,"59":0.101408013251889,"60":0.115701472907394,"61":0.068630550366432,"62":0.0892261308036449,"63":0.0455132311634554,"64":0.0373006643001102,"65":0.0413602682219029,"66":0.0764002785953403,"67":0.119248354660933,"68":0.10917019233265,"69":0.0945654739695569,"70":0.0917087749568647,"71":0.0527162919515396,"72":0.0545770517443629,"73":0.0676010932791366,"74":0.0761154416135703,"76":0.0659250193864688,"77":0.0907148448243034,"78":0.0730546410433096,"79":0.0363282278014632,"80":0.0728031555670658,"81":0.0781359413659493,"82":0.0989656238070134,"83":0.0882724595972116,"84":0.1270420997037,"85":0.0447338665773274,"86":0.0398803920482862,"87":0.0382683298526839,"88":0.074587222601663,"89":0.110886731752155,"90":0.0934129936497201,"91":0.0674253651814879,"92":0.0567909231687938,"93":0.111871527307223,"94":0.0708824354657688,"95":0.0930324863973892,"974":0.00986089100193696},"2004":{"01":0.148442825792595,"02":0.166118746070242,"03":0.092291659092837,"04":0.105599308490204,"05":0.0762012666318052,"06":0.22535640181272,"07":0.104932779754844,"08":0.141196635079493,"09":0.0960211753442401,"10":0.174774305555556,"11":0.138101462298832,"12":0.064685598377282,"13":0.190068641326042,"14":0.108767174661621,"15":0.0539875766039938,"16":0.100604066737625,"17":0.099421101774043,"18":0.128288455586506,"19":0.0665283260262431,"21":0.13428411916967,"22":0.0646686024157087,"23":0.065015056118259,"24":0.0876422975371164,"25":0.148530112662631,"26":0.148706687136833,"27":0.157280775752618,"28":0.15379272183567,"29":0.0570301512059062,"2A":0.0605428828386886,